{"cameraMode":{"drawMode":0,"name":"Shaded","section":"Shading Mode"},"sceneLighting":true,"audioPlay":false,"sceneViewState":{"m_AlwaysRefresh":false,"showFog":true,"showSkybox":false,"showFlares":true,"showImageEffects":true,"showParticleSystems":true,"showVisualEffectGraphs":true,"m_FxEnabled":true},"in2DMode":false,"pivot":{"x":20.049999237060548,"y":0.13325786590576173,"z":7.179999828338623},"rotation":{"x":-0.07852794975042343,"y":-0.005087102763354778,"z":0.0004007639654446393,"w":-0.9968995451927185},"size":0.8660253882408142,"orthographic":false}