{"cameraMode":{"drawMode":0,"name":"Shaded","section":"Shading Mode"},"sceneLighting":false,"audioPlay":false,"sceneViewState":{"m_AlwaysRefresh":false,"showFog":true,"showSkybox":false,"showFlares":true,"showImageEffects":true,"showParticleSystems":true,"showVisualEffectGraphs":true,"m_FxEnabled":true},"in2DMode":false,"pivot":{"x":-0.04488027095794678,"y":0.07525849342346192,"z":0.010850310325622559},"rotation":{"x":-0.1881621927022934,"y":0.1347740888595581,"z":-0.026067234575748445,"w":-0.9725522994995117},"size":1.4757553339004517,"orthographic":false}