{"cameraMode":{"drawMode":0,"name":"Shaded","section":"Shading Mode"},"sceneLighting":true,"audioPlay":false,"sceneViewState":{"m_AlwaysRefresh":false,"showFog":true,"showSkybox":false,"showFlares":true,"showImageEffects":true,"showParticleSystems":true,"showVisualEffectGraphs":true,"m_FxEnabled":true},"in2DMode":false,"pivot":{"x":1.5800000429153443,"y":0.23500001430511475,"z":3.5799999237060549},"rotation":{"x":-0.519492506980896,"y":0.013330155052244664,"z":-0.00809856690466404,"w":-0.8543712496757507},"size":0.8660253286361694,"orthographic":false}