{"cameraMode":{"drawMode":0,"name":"Shaded","section":"Shading Mode"},"sceneLighting":true,"audioPlay":false,"sceneViewState":{"m_AlwaysRefresh":false,"showFog":true,"showSkybox":true,"showFlares":true,"showImageEffects":true,"showParticleSystems":true,"showVisualEffectGraphs":true,"m_FxEnabled":true},"in2DMode":false,"pivot":{"x":22.311588287353517,"y":1.6455742120742798,"z":7.089524745941162},"rotation":{"x":-0.17727495729923249,"y":0.4167133569717407,"z":-0.08321887999773026,"w":-0.8876933455467224},"size":0.8660253882408142,"orthographic":false}