{"cameraMode":{"drawMode":0,"name":"Shaded","section":"Shading Mode"},"sceneLighting":false,"audioPlay":false,"sceneViewState":{"m_AlwaysRefresh":false,"showFog":true,"showSkybox":false,"showFlares":true,"showImageEffects":true,"showParticleSystems":true,"showVisualEffectGraphs":true,"m_FxEnabled":true},"in2DMode":false,"pivot":{"x":0.008040189743041993,"y":0.023026108741760255,"z":-0.014117002487182618},"rotation":{"x":-0.15932542085647584,"y":0.684243381023407,"z":-0.15704423189163209,"w":-0.6941670179367065},"size":2.5478336811065676,"orthographic":false}