{"cameraMode":{"drawMode":0,"name":"Shaded","section":"Shading Mode"},"sceneLighting":false,"audioPlay":false,"sceneViewState":{"m_AlwaysRefresh":false,"showFog":true,"showSkybox":false,"showFlares":true,"showImageEffects":true,"showParticleSystems":true,"showVisualEffectGraphs":true,"m_FxEnabled":true},"in2DMode":false,"pivot":{"x":-0.9212213754653931,"y":0.8132953643798828,"z":0.3871822655200958},"rotation":{"x":-0.11016149073839188,"y":-0.4191201627254486,"z":0.05128619447350502,"w":-0.8998079895973206},"size":2.1254727840423586,"orthographic":false}