{"cameraMode":{"drawMode":0,"name":"Shaded","section":"Shading Mode"},"sceneLighting":true,"audioPlay":false,"sceneViewState":{"m_AlwaysRefresh":false,"showFog":true,"showSkybox":false,"showFlares":true,"showImageEffects":true,"showParticleSystems":true,"showVisualEffectGraphs":true,"m_FxEnabled":true},"in2DMode":false,"pivot":{"x":20.049999237060548,"y":0.13325786590576173,"z":7.179999828338623},"rotation":{"x":-0.3965221047401428,"y":-0.05942429229617119,"z":0.025738663971424104,"w":-0.9157990217208862},"size":0.8660253882408142,"orthographic":false}