{"cameraMode":{"drawMode":0,"name":"Shaded","section":"Shading Mode"},"sceneLighting":false,"audioPlay":false,"sceneViewState":{"m_AlwaysRefresh":false,"showFog":true,"showSkybox":false,"showFlares":true,"showImageEffects":true,"showParticleSystems":true,"showVisualEffectGraphs":true,"m_FxEnabled":true},"in2DMode":false,"pivot":{"x":-3.2081451416015627,"y":15.816459655761719,"z":39.152610778808597},"rotation":{"x":-0.2810238003730774,"y":0.053797442466020587,"z":-0.01580161415040493,"w":-0.9581059217453003},"size":47.44755172729492,"orthographic":false}