{"cameraMode":{"drawMode":0,"name":"Shaded","section":"Shading Mode"},"sceneLighting":true,"audioPlay":false,"sceneViewState":{"m_AlwaysRefresh":false,"showFog":true,"showSkybox":false,"showFlares":true,"showImageEffects":true,"showParticleSystems":true,"showVisualEffectGraphs":true,"m_FxEnabled":true},"in2DMode":false,"pivot":{"x":19.46808624267578,"y":2.9455413818359377,"z":5.213043689727783},"rotation":{"x":-0.07514747977256775,"y":0.20169533789157868,"z":-0.015523248352110386,"w":-0.9764414429664612},"size":2.2545998096466066,"orthographic":false}