{"cameraMode":{"drawMode":0,"name":"Shaded","section":"Shading Mode"},"sceneLighting":true,"audioPlay":false,"sceneViewState":{"m_AlwaysRefresh":false,"showFog":true,"showSkybox":false,"showFlares":true,"showImageEffects":true,"showParticleSystems":true,"showVisualEffectGraphs":true,"m_FxEnabled":true},"in2DMode":false,"pivot":{"x":4.759609699249268,"y":-4.693106174468994,"z":33.68548583984375},"rotation":{"x":-0.10944201797246933,"y":-0.05156736448407173,"z":0.005685220472514629,"w":-0.9926419854164124},"size":18.186532974243165,"orthographic":false}