{"cameraMode":{"drawMode":0,"name":"Shaded","section":"Shading Mode"},"sceneLighting":true,"audioPlay":false,"sceneViewState":{"m_AlwaysRefresh":false,"showFog":true,"showSkybox":false,"showFlares":true,"showImageEffects":true,"showParticleSystems":true,"showVisualEffectGraphs":true,"m_FxEnabled":true},"in2DMode":false,"pivot":{"x":15.779999732971192,"y":0.23500001430511475,"z":15.15999984741211},"rotation":{"x":-0.2552243769168854,"y":-0.3636050820350647,"z":0.10427132993936539,"w":-0.8898584246635437},"size":0.8660248517990112,"orthographic":false}