{"cameraMode":{"drawMode":0,"name":"Shaded","section":"Shading Mode"},"sceneLighting":false,"audioPlay":false,"sceneViewState":{"m_AlwaysRefresh":false,"showFog":true,"showSkybox":false,"showFlares":true,"showImageEffects":true,"showParticleSystems":true,"showVisualEffectGraphs":true,"m_FxEnabled":true},"in2DMode":false,"pivot":{"x":-0.007745802402496338,"y":2.990898370742798,"z":-5.960464477539063e-8},"rotation":{"x":-0.3356766700744629,"y":0.0019710357300937177,"z":-0.0007171028410084546,"w":-0.9420149922370911},"size":3.0562119483947756,"orthographic":false}