{"cameraMode":{"drawMode":0,"name":"Shaded","section":"Shading Mode"},"sceneLighting":true,"audioPlay":false,"sceneViewState":{"m_AlwaysRefresh":false,"showFog":true,"showSkybox":false,"showFlares":true,"showImageEffects":true,"showParticleSystems":true,"showVisualEffectGraphs":true,"m_FxEnabled":true},"in2DMode":false,"pivot":{"x":10.880000114440918,"y":0.13325786590576173,"z":7.179999828338623},"rotation":{"x":-0.005023036617785692,"y":0.9949736595153809,"z":0.0720524713397026,"w":0.06936347484588623},"size":0.8660253882408142,"orthographic":false}