{"cameraMode":{"drawMode":0,"name":"Shaded","section":"Shading Mode"},"sceneLighting":true,"audioPlay":false,"sceneViewState":{"m_AlwaysRefresh":false,"showFog":true,"showSkybox":false,"showFlares":true,"showImageEffects":true,"showParticleSystems":true,"showVisualEffectGraphs":true,"m_FxEnabled":true},"in2DMode":false,"pivot":{"x":24.729999542236329,"y":0.13325786590576173,"z":4.510000228881836},"rotation":{"x":-0.005023036617785692,"y":0.9949736595153809,"z":0.0720524713397026,"w":0.06936347484588623},"size":0.8660253882408142,"orthographic":false}