{"cameraMode":{"drawMode":0,"name":"Shaded","section":"Shading Mode"},"sceneLighting":true,"audioPlay":false,"sceneViewState":{"m_AlwaysRefresh":false,"showFog":true,"showSkybox":false,"showFlares":true,"showImageEffects":true,"showParticleSystems":true,"showVisualEffectGraphs":true,"m_FxEnabled":true},"in2DMode":false,"pivot":{"x":15.779998779296875,"y":1.567000389099121,"z":15.920000076293946},"rotation":{"x":-0.37352538108825686,"y":0.005284922197461128,"z":-0.0021270408760756256,"w":-0.9276125431060791},"size":18.186532974243165,"orthographic":false}