{"cameraMode":{"drawMode":0,"name":"Shaded","section":"Shading Mode"},"sceneLighting":true,"audioPlay":false,"sceneViewState":{"m_AlwaysRefresh":false,"showFog":true,"showSkybox":false,"showFlares":true,"showImageEffects":true,"showParticleSystems":true,"showVisualEffectGraphs":true,"m_FxEnabled":true},"in2DMode":false,"pivot":{"x":6.46999979019165,"y":0.23499995470046998,"z":15.15999984741211},"rotation":{"x":0.006606492213904858,"y":0.9928295016288757,"z":0.06591147184371948,"w":-0.0995136946439743},"size":2.1213202476501467,"orthographic":false}