{"cameraMode":{"drawMode":0,"name":"Shaded","section":"Shading Mode"},"sceneLighting":false,"audioPlay":false,"sceneViewState":{"m_AlwaysRefresh":false,"showFog":true,"showSkybox":false,"showFlares":true,"showImageEffects":true,"showParticleSystems":true,"showVisualEffectGraphs":true,"m_FxEnabled":true},"in2DMode":false,"pivot":{"x":-0.27833616733551028,"y":0.9695610404014587,"z":-0.3761101961135864},"rotation":{"x":-0.14057399332523347,"y":-0.061746466904878619,"z":0.008761665783822537,"w":-0.9881457090377808},"size":1.6759907007217408,"orthographic":false}