{"cameraMode":{"drawMode":0,"name":"Shaded","section":"Shading Mode"},"sceneLighting":true,"audioPlay":false,"sceneViewState":{"m_AlwaysRefresh":false,"showFog":true,"showSkybox":true,"showFlares":true,"showImageEffects":true,"showParticleSystems":true,"showVisualEffectGraphs":true,"m_FxEnabled":true},"in2DMode":false,"pivot":{"x":15.016987800598145,"y":13.12033462524414,"z":-3.4039676189422609},"rotation":{"x":-0.37352538108825686,"y":0.005284922197461128,"z":-0.0021270408760756256,"w":-0.9276125431060791},"size":0.8660253882408142,"orthographic":false}