{"cameraMode":{"drawMode":0,"name":"Shaded","section":"Shading Mode"},"sceneLighting":true,"audioPlay":false,"sceneViewState":{"m_AlwaysRefresh":false,"showFog":true,"showSkybox":true,"showFlares":true,"showImageEffects":true,"showParticleSystems":true,"showVisualEffectGraphs":true,"m_FxEnabled":true},"in2DMode":false,"pivot":{"x":8.785449981689454,"y":3.7823469638824465,"z":11.821121215820313},"rotation":{"x":0.01259012334048748,"y":0.002999126212671399,"z":0.000016534930182388052,"w":-0.9999398589134216},"size":2.2546005249023439,"orthographic":false}